ELECTION_PROCESS,ELECTION_TYPE,YEAR,ZIP_CODE,REGION,PROVINCE,DISTRICT,POLITICAL_ORGANIZATION,POLITICAL_ORGANIZATION_TYPE,VOTES_OBTAINED,TOTAL_VOTES,VOTES_NOT_OBTAINED
Proceso electoral,Tipo de elección,Año,Ubigeo,Departamento,Provincia,Distrito,Organización politica,Tipo de Organización politica,Votos obtenidos,Total Electores,Votos emitidos
ELECCIONES REGIONALES Y MUNICIPALES 2014,REGIONAL,2014,010000,AMAZONAS,,,SENTIMIENTO AMAZONENSE REGIONAL,MOVIMIENTO REGIONAL,"53,831","261,856","211,175"
ELECCIONES REGIONALES Y MUNICIPALES 2014,REGIONAL,2014,010000,AMAZONAS,,,MOVIMIENTO REGIONAL FUERZA AMAZONENSE,MOVIMIENTO REGIONAL,"23,903","261,856","211,175"
ELECCIONES REGIONALES Y MUNICIPALES 2014,REGIONAL,2014,010000,AMAZONAS,,,MOVIMIENTO INDEPENDIENTE SURGE AMAZONAS,MOVIMIENTO REGIONAL,"21,091","261,856","211,175"
ELECCIONES REGIONALES Y MUNICIPALES 2014,REGIONAL,2014,010000,AMAZONAS,,,MOVIMIENTO REGIONAL AMAZONENSE UNIDOS AL CAMPO,MOVIMIENTO REGIONAL,"19,491","261,856","211,175"
ELECCIONES REGIONALES Y MUNICIPALES 2014,REGIONAL,2014,010000,AMAZONAS,,,OBRAS POR AMAZONAS,MOVIMIENTO REGIONAL,"15,359","261,856","211,175"
ELECCIONES REGIONALES Y MUNICIPALES 2014,REGIONAL,2014,010000,AMAZONAS,,,TODOS SOMOS AMAZONAS,ALIANZA ELECTORAL,"13,984","261,856","211,175"
ELECCIONES REGIONALES Y MUNICIPALES 2014,REGIONAL,2014,010000,AMAZONAS,,,UNIDAD Y DEMOCRACIA DE AMAZONAS,MOVIMIENTO REGIONAL,"9,419","261,856","211,175"
ELECCIONES REGIONALES Y MUNICIPALES 2014,REGIONAL,2014,010000,AMAZONAS,,,ALIANZA PARA EL PROGRESO,PARTIDO POLÍTICO,"5,177","261,856","211,175"
ELECCIONES REGIONALES Y MUNICIPALES 2014,REGIONAL,2014,010000,AMAZONAS,,,"EL FRENTE AMPLIO POR JUSTICIA, VIDA Y LIBERTAD",PARTIDO POLÍTICO,855,"261,856","211,175"
ELECCIONES REGIONALES Y MUNICIPALES 2014,REGIONAL,2014,010000,AMAZONAS,,,VOTOS EN BLANCO,,"15,454","261,856","211,175"
ELECCIONES REGIONALES Y MUNICIPALES 2014,REGIONAL,2014,010000,AMAZONAS,,,VOTOS NULOS,,"32,611","261,856","211,175"
ELECCIONES REGIONALES Y MUNICIPALES 2014,REGIONAL,2014,020000,ANCASH,,,MOVIMIENTO REGIONAL ANDE - MAR,MOVIMIENTO REGIONAL,"96,006","817,621","678,783"
ELECCIONES REGIONALES Y MUNICIPALES 2014,REGIONAL,2014,020000,ANCASH,,,MOVIMIENTO INDEPENDIENTE REGIONAL PURO ANCASH,MOVIMIENTO REGIONAL,"92,784","817,621","678,783"
ELECCIONES REGIONALES Y MUNICIPALES 2014,REGIONAL,2014,020000,ANCASH,,,MOVIMIENTO INDEPENDIENTE REGIONAL RIO SANTA CAUDALOSO,MOVIMIENTO REGIONAL,"58,307","817,621","678,783"
ELECCIONES REGIONALES Y MUNICIPALES 2014,REGIONAL,2014,020000,ANCASH,,,MOVIMIENTO ACCION NACIONALISTA PERUANO,MOVIMIENTO REGIONAL,"50,628","817,621","678,783"
ELECCIONES REGIONALES Y MUNICIPALES 2014,REGIONAL,2014,020000,ANCASH,,,ALIANZA PARA EL PROGRESO,PARTIDO POLÍTICO,"44,444","817,621","678,783"
ELECCIONES REGIONALES Y MUNICIPALES 2014,REGIONAL,2014,020000,ANCASH,,,MOVIMIENTO REGIONAL EL MAICITO,MOVIMIENTO REGIONAL,"39,606","817,621","678,783"
ELECCIONES REGIONALES Y MUNICIPALES 2014,REGIONAL,2014,020000,ANCASH,,,PARTIDO DEMOCRATICO SOMOS PERU,PARTIDO POLÍTICO,"24,150","817,621","678,783"
ELECCIONES REGIONALES Y MUNICIPALES 2014,REGIONAL,2014,020000,ANCASH,,,PARTIDO HUMANISTA PERUANO,PARTIDO POLÍTICO,"23,040","817,621","678,783"
ELECCIONES REGIONALES Y MUNICIPALES 2014,REGIONAL,2014,020000,ANCASH,,,UNION POR EL PERU,PARTIDO POLÍTICO,"22,252","817,621","678,783"
ELECCIONES REGIONALES Y MUNICIPALES 2014,REGIONAL,2014,020000,ANCASH,,,SIEMPRE UNIDOS,PARTIDO POLÍTICO,"18,390","817,621","678,783"
ELECCIONES REGIONALES Y MUNICIPALES 2014,REGIONAL,2014,020000,ANCASH,,,PARTIDO APRISTA PERUANO,PARTIDO POLÍTICO,"16,728","817,621","678,783"
ELECCIONES REGIONALES Y MUNICIPALES 2014,REGIONAL,2014,020000,ANCASH,,,ALIANZA HORA CERO FUERZA POPULAR,ALIANZA ELECTORAL,"14,147","817,621","678,783"
ELECCIONES REGIONALES Y MUNICIPALES 2014,REGIONAL,2014,020000,ANCASH,,,PERU POSIBLE,PARTIDO POLÍTICO,"8,727","817,621","678,783"
ELECCIONES REGIONALES Y MUNICIPALES 2014,REGIONAL,2014,020000,ANCASH,,,RENOVACION ANCASHINA,MOVIMIENTO REGIONAL,"8,370","817,621","678,783"
ELECCIONES REGIONALES Y MUNICIPALES 2014,REGIONAL,2014,020000,ANCASH,,,UNION NACIONALISTA ANCASHINA,MOVIMIENTO REGIONAL,"6,222","817,621","678,783"
ELECCIONES REGIONALES Y MUNICIPALES 2014,REGIONAL,2014,020000,ANCASH,,,ACCION POPULAR,PARTIDO POLÍTICO,"5,136","817,621","678,783"
ELECCIONES REGIONALES Y MUNICIPALES 2014,REGIONAL,2014,020000,ANCASH,,,RESTAURACION NACIONAL,PARTIDO POLÍTICO,"2,906","817,621","678,783"
ELECCIONES REGIONALES Y MUNICIPALES 2014,REGIONAL,2014,020000,ANCASH,,,PERU PATRIA SEGURA,PARTIDO POLÍTICO,"1,814","817,621","678,783"
ELECCIONES REGIONALES Y MUNICIPALES 2014,REGIONAL,2014,020000,ANCASH,,,VOTOS EN BLANCO,,"78,780","817,621","678,783"
ELECCIONES REGIONALES Y MUNICIPALES 2014,REGIONAL,2014,020000,ANCASH,,,VOTOS NULOS,,"66,346","817,621","678,783"
ELECCIONES REGIONALES Y MUNICIPALES 2014,REGIONAL,2014,030000,APURIMAC,,,MOVIMIENTO POPULAR KALLPA,MOVIMIENTO REGIONAL,"48,301","277,161","224,286"
ELECCIONES REGIONALES Y MUNICIPALES 2014,REGIONAL,2014,030000,APURIMAC,,,MOVIMIENTO INDEPENDIENTE FUERZA CAMPESINA REGIONAL,MOVIMIENTO REGIONAL,"29,311","277,161","224,286"
ELECCIONES REGIONALES Y MUNICIPALES 2014,REGIONAL,2014,030000,APURIMAC,,,UNION POR EL PERU,PARTIDO POLÍTICO,"28,157","277,161","224,286"
ELECCIONES REGIONALES Y MUNICIPALES 2014,REGIONAL,2014,030000,APURIMAC,,,FUERZA POPULAR,PARTIDO POLÍTICO,"24,801","277,161","224,286"
ELECCIONES REGIONALES Y MUNICIPALES 2014,REGIONAL,2014,030000,APURIMAC,,,PODER POPULAR ANDINO,MOVIMIENTO REGIONAL,"24,088","277,161","224,286"
ELECCIONES REGIONALES Y MUNICIPALES 2014,REGIONAL,2014,030000,APURIMAC,,,ALIANZA PARA EL PROGRESO,PARTIDO POLÍTICO,"24,022","277,161","224,286"
ELECCIONES REGIONALES Y MUNICIPALES 2014,REGIONAL,2014,030000,APURIMAC,,,PARTIDO HUMANISTA PERUANO,PARTIDO POLÍTICO,"3,288","277,161","224,286"
ELECCIONES REGIONALES Y MUNICIPALES 2014,REGIONAL,2014,030000,APURIMAC,,,"MOVIMIENTO ETNOCACERISTA REGIONAL AMA SUA, AMA LLULLA, AMA QUELLA",MOVIMIENTO REGIONAL,"1,489","277,161","224,286"
ELECCIONES REGIONALES Y MUNICIPALES 2014,REGIONAL,2014,030000,APURIMAC,,,PERU POSIBLE,PARTIDO POLÍTICO,"1,464","277,161","224,286"
ELECCIONES REGIONALES Y MUNICIPALES 2014,REGIONAL,2014,030000,APURIMAC,,,"EL FRENTE AMPLIO POR JUSTICIA, VIDA Y LIBERTAD",PARTIDO POLÍTICO,"1,117","277,161","224,286"
ELECCIONES REGIONALES Y MUNICIPALES 2014,REGIONAL,2014,030000,APURIMAC,,,VOTOS EN BLANCO,,"21,418","277,161","224,286"
ELECCIONES REGIONALES Y MUNICIPALES 2014,REGIONAL,2014,030000,APURIMAC,,,VOTOS NULOS,,"16,830","277,161","224,286"
ELECCIONES REGIONALES Y MUNICIPALES 2014,REGIONAL,2014,040000,AREQUIPA,,,AREQUIPA RENACE,MOVIMIENTO REGIONAL,"151,075","997,237","863,193"
ELECCIONES REGIONALES Y MUNICIPALES 2014,REGIONAL,2014,040000,AREQUIPA,,,"AREQUIPA, TRADICION Y FUTURO",MOVIMIENTO REGIONAL,"144,024","997,237","863,193"
ELECCIONES REGIONALES Y MUNICIPALES 2014,REGIONAL,2014,040000,AREQUIPA,,,VAMOS PERU,PARTIDO POLÍTICO,"101,707","997,237","863,193"
ELECCIONES REGIONALES Y MUNICIPALES 2014,REGIONAL,2014,040000,AREQUIPA,,,JUNTOS POR EL DESARROLLO DE AREQUIPA,MOVIMIENTO REGIONAL,"91,659","997,237","863,193"
ELECCIONES REGIONALES Y MUNICIPALES 2014,REGIONAL,2014,040000,AREQUIPA,,,VAMOS AREQUIPA,ALIANZA ELECTORAL,"45,986","997,237","863,193"
ELECCIONES REGIONALES Y MUNICIPALES 2014,REGIONAL,2014,040000,AREQUIPA,,,ALIANZA PARA EL PROGRESO DE AREQUIPA,ALIANZA ELECTORAL,"37,595","997,237","863,193"
ELECCIONES REGIONALES Y MUNICIPALES 2014,REGIONAL,2014,040000,AREQUIPA,,,AREQUIPA - UNIDOS POR EL GRAN CAMBIO,MOVIMIENTO REGIONAL,"30,770","997,237","863,193"
ELECCIONES REGIONALES Y MUNICIPALES 2014,REGIONAL,2014,040000,AREQUIPA,,,SIEMPRE UNIDOS,PARTIDO POLÍTICO,"22,100","997,237","863,193"
ELECCIONES REGIONALES Y MUNICIPALES 2014,REGIONAL,2014,040000,AREQUIPA,,,ACCION POPULAR,PARTIDO POLÍTICO,"14,357","997,237","863,193"
ELECCIONES REGIONALES Y MUNICIPALES 2014,REGIONAL,2014,040000,AREQUIPA,,,UNION POR EL PERU,PARTIDO POLÍTICO,"13,436","997,237","863,193"
ELECCIONES REGIONALES Y MUNICIPALES 2014,REGIONAL,2014,040000,AREQUIPA,,,SOLIDARIDAD NACIONAL,PARTIDO POLÍTICO,"13,123","997,237","863,193"
ELECCIONES REGIONALES Y MUNICIPALES 2014,REGIONAL,2014,040000,AREQUIPA,,,FUERZA POPULAR,PARTIDO POLÍTICO,"10,968","997,237","863,193"
ELECCIONES REGIONALES Y MUNICIPALES 2014,REGIONAL,2014,040000,AREQUIPA,,,MOVIMIENTO INDEPENDIENTE REGIONAL POR TI AREQUIPA,MOVIMIENTO REGIONAL,"10,303","997,237","863,193"
ELECCIONES REGIONALES Y MUNICIPALES 2014,REGIONAL,2014,040000,AREQUIPA,,,RESTAURACION NACIONAL,PARTIDO POLÍTICO,"9,532","997,237","863,193"
ELECCIONES REGIONALES Y MUNICIPALES 2014,REGIONAL,2014,040000,AREQUIPA,,,"EL FRENTE AMPLIO POR JUSTICIA, VIDA Y LIBERTAD",PARTIDO POLÍTICO,"9,453","997,237","863,193"
ELECCIONES REGIONALES Y MUNICIPALES 2014,REGIONAL,2014,040000,AREQUIPA,,,PARTIDO POPULAR CRISTIANO - PPC,PARTIDO POLÍTICO,"6,243","997,237","863,193"
ELECCIONES REGIONALES Y MUNICIPALES 2014,REGIONAL,2014,040000,AREQUIPA,,,PERU PATRIA SEGURA,PARTIDO POLÍTICO,"2,479","997,237","863,193"
ELECCIONES REGIONALES Y MUNICIPALES 2014,REGIONAL,2014,040000,AREQUIPA,,,VOTOS EN BLANCO,,"71,487","997,237","863,193"
ELECCIONES REGIONALES Y MUNICIPALES 2014,REGIONAL,2014,040000,AREQUIPA,,,VOTOS NULOS,,"76,896","997,237","863,193"
ELECCIONES REGIONALES Y MUNICIPALES 2014,REGIONAL,2014,050000,AYACUCHO,,,ALIANZA RENACE AYACUCHO,MOVIMIENTO REGIONAL,"87,364","409,671","329,045"
ELECCIONES REGIONALES Y MUNICIPALES 2014,REGIONAL,2014,050000,AYACUCHO,,,ALIANZA PARA EL PROGRESO DE AYACUCHO,ALIANZA ELECTORAL,"76,165","409,671","329,045"
ELECCIONES REGIONALES Y MUNICIPALES 2014,REGIONAL,2014,050000,AYACUCHO,,,MUSUQ ÑAN,MOVIMIENTO REGIONAL,"36,453","409,671","329,045"
ELECCIONES REGIONALES Y MUNICIPALES 2014,REGIONAL,2014,050000,AYACUCHO,,,FUERZA POPULAR,PARTIDO POLÍTICO,"21,816","409,671","329,045"
ELECCIONES REGIONALES Y MUNICIPALES 2014,REGIONAL,2014,050000,AYACUCHO,,,UNIDOS POR EL DESARROLLO DE AYACUCHO,MOVIMIENTO REGIONAL,"21,681","409,671","329,045"
ELECCIONES REGIONALES Y MUNICIPALES 2014,REGIONAL,2014,050000,AYACUCHO,,,QATUN TARPUY,MOVIMIENTO REGIONAL,"20,347","409,671","329,045"
ELECCIONES REGIONALES Y MUNICIPALES 2014,REGIONAL,2014,050000,AYACUCHO,,,PARTIDO APRISTA PERUANO,PARTIDO POLÍTICO,"6,450","409,671","329,045"
ELECCIONES REGIONALES Y MUNICIPALES 2014,REGIONAL,2014,050000,AYACUCHO,,,PERU POSIBLE,PARTIDO POLÍTICO,"3,225","409,671","329,045"
ELECCIONES REGIONALES Y MUNICIPALES 2014,REGIONAL,2014,050000,AYACUCHO,,,PARTIDO POPULAR CRISTIANO - PPC,PARTIDO POLÍTICO,"1,072","409,671","329,045"
ELECCIONES REGIONALES Y MUNICIPALES 2014,REGIONAL,2014,050000,AYACUCHO,,,PERU PATRIA SEGURA,PARTIDO POLÍTICO,741,"409,671","329,045"
ELECCIONES REGIONALES Y MUNICIPALES 2014,REGIONAL,2014,050000,AYACUCHO,,,VOTOS EN BLANCO,,"31,200","409,671","329,045"
ELECCIONES REGIONALES Y MUNICIPALES 2014,REGIONAL,2014,050000,AYACUCHO,,,VOTOS NULOS,,"22,531","409,671","329,045"
ELECCIONES REGIONALES Y MUNICIPALES 2014,REGIONAL,2014,060000,CAJAMARCA,,,MOVIMIENTO DE AFIRMACION SOCIAL,MOVIMIENTO REGIONAL,"288,432","992,516","822,397"
ELECCIONES REGIONALES Y MUNICIPALES 2014,REGIONAL,2014,060000,CAJAMARCA,,,FUERZA POPULAR,PARTIDO POLÍTICO,"117,207","992,516","822,397"
ELECCIONES REGIONALES Y MUNICIPALES 2014,REGIONAL,2014,060000,CAJAMARCA,,,CAJAMARCA SIEMPRE VERDE,MOVIMIENTO REGIONAL,"82,289","992,516","822,397"
ELECCIONES REGIONALES Y MUNICIPALES 2014,REGIONAL,2014,060000,CAJAMARCA,,,FRENTE REGIONAL DE CAJAMARCA,MOVIMIENTO REGIONAL,"58,832","992,516","822,397"
ELECCIONES REGIONALES Y MUNICIPALES 2014,REGIONAL,2014,060000,CAJAMARCA,,,MOVIMIENTO INDEPENDIENTE DIALOGO SOCIAL,MOVIMIENTO REGIONAL,"43,062","992,516","822,397"
ELECCIONES REGIONALES Y MUNICIPALES 2014,REGIONAL,2014,060000,CAJAMARCA,,,MOVIMIENTO REGIONAL FUERZA SOCIAL CAJAMARCA,MOVIMIENTO REGIONAL,"34,603","992,516","822,397"
ELECCIONES REGIONALES Y MUNICIPALES 2014,REGIONAL,2014,060000,CAJAMARCA,,,ALIANZA PARA EL PROGRESO,PARTIDO POLÍTICO,"14,995","992,516","822,397"
ELECCIONES REGIONALES Y MUNICIPALES 2014,REGIONAL,2014,060000,CAJAMARCA,,,PARTIDO APRISTA PERUANO,PARTIDO POLÍTICO,"12,140","992,516","822,397"
ELECCIONES REGIONALES Y MUNICIPALES 2014,REGIONAL,2014,060000,CAJAMARCA,,,VOTOS EN BLANCO,,"93,789","992,516","822,397"
ELECCIONES REGIONALES Y MUNICIPALES 2014,REGIONAL,2014,060000,CAJAMARCA,,,VOTOS NULOS,,"77,048","992,516","822,397"
ELECCIONES REGIONALES Y MUNICIPALES 2014,REGIONAL,2014,070000,CUSCO,,,MOVIMIENTO REGIONAL ACUERDO POPULAR UNIFICADO,MOVIMIENTO REGIONAL,"138,688","880,889","739,047"
ELECCIONES REGIONALES Y MUNICIPALES 2014,REGIONAL,2014,070000,CUSCO,,,KAUSACHUN CUSCO,MOVIMIENTO REGIONAL,"65,332","880,889","739,047"
ELECCIONES REGIONALES Y MUNICIPALES 2014,REGIONAL,2014,070000,CUSCO,,,ALIANZA POPULAR,ALIANZA ELECTORAL,"56,297","880,889","739,047"
ELECCIONES REGIONALES Y MUNICIPALES 2014,REGIONAL,2014,070000,CUSCO,,,ALIANZA PARA EL PROGRESO,PARTIDO POLÍTICO,"53,899","880,889","739,047"
ELECCIONES REGIONALES Y MUNICIPALES 2014,REGIONAL,2014,070000,CUSCO,,,SIEMPRE UNIDOS,PARTIDO POLÍTICO,"50,548","880,889","739,047"
ELECCIONES REGIONALES Y MUNICIPALES 2014,REGIONAL,2014,070000,CUSCO,,,MOVIMIENTO REGIONAL INKA PACHAKUTEQ,MOVIMIENTO REGIONAL,"49,606","880,889","739,047"
ELECCIONES REGIONALES Y MUNICIPALES 2014,REGIONAL,2014,070000,CUSCO,,,FUERZA INKA AMAZONICA,MOVIMIENTO REGIONAL,"31,518","880,889","739,047"
ELECCIONES REGIONALES Y MUNICIPALES 2014,REGIONAL,2014,070000,CUSCO,,,AUTOGOBIERNO AYLLU,MOVIMIENTO REGIONAL,"31,446","880,889","739,047"
ELECCIONES REGIONALES Y MUNICIPALES 2014,REGIONAL,2014,070000,CUSCO,,,TIERRA Y LIBERTAD CUSCO,MOVIMIENTO REGIONAL,"31,139","880,889","739,047"
ELECCIONES REGIONALES Y MUNICIPALES 2014,REGIONAL,2014,070000,CUSCO,,,FUERZA POPULAR,PARTIDO POLÍTICO,"29,706","880,889","739,047"
ELECCIONES REGIONALES Y MUNICIPALES 2014,REGIONAL,2014,070000,CUSCO,,,MOVIMIENTO REGIONAL TAWANTINSUYO,MOVIMIENTO REGIONAL,"28,336","880,889","739,047"
ELECCIONES REGIONALES Y MUNICIPALES 2014,REGIONAL,2014,070000,CUSCO,,,ACCION POPULAR,PARTIDO POLÍTICO,"27,641","880,889","739,047"
ELECCIONES REGIONALES Y MUNICIPALES 2014,REGIONAL,2014,070000,CUSCO,,,PATRIA ARRIBA PERU ADELANTE,MOVIMIENTO REGIONAL,"8,022","880,889","739,047"
ELECCIONES REGIONALES Y MUNICIPALES 2014,REGIONAL,2014,070000,CUSCO,,,VOTOS EN BLANCO,,"75,753","880,889","739,047"
ELECCIONES REGIONALES Y MUNICIPALES 2014,REGIONAL,2014,070000,CUSCO,,,VOTOS NULOS,,"61,116","880,889","739,047"
ELECCIONES REGIONALES Y MUNICIPALES 2014,REGIONAL,2014,080000,HUANCAVELICA,,,MOVIMIENTO INDEPENDIENTE REGIONAL AYLLU,MOVIMIENTO REGIONAL,"57,663","274,992","225,309"
ELECCIONES REGIONALES Y MUNICIPALES 2014,REGIONAL,2014,080000,HUANCAVELICA,,,MOVIMIENTO INDEPENDIENTE TRABAJANDO PARA TODOS,MOVIMIENTO REGIONAL,"54,540","274,992","225,309"
ELECCIONES REGIONALES Y MUNICIPALES 2014,REGIONAL,2014,080000,HUANCAVELICA,,,MOVIMIENTO REGIONAL AYNI,MOVIMIENTO REGIONAL,"27,805","274,992","225,309"
ELECCIONES REGIONALES Y MUNICIPALES 2014,REGIONAL,2014,080000,HUANCAVELICA,,,MOVIMIENTO INDEPENDIENTE DE CAMPESINOS Y PROFESIONALES,MOVIMIENTO REGIONAL,"14,020","274,992","225,309"
ELECCIONES REGIONALES Y MUNICIPALES 2014,REGIONAL,2014,080000,HUANCAVELICA,,,MOVIMIENTO INDEPENDIENTE REGIONAL UNIDOS POR HUANCAVELICA,MOVIMIENTO REGIONAL,"12,914","274,992","225,309"
ELECCIONES REGIONALES Y MUNICIPALES 2014,REGIONAL,2014,080000,HUANCAVELICA,,,ACCION DE GOBERNABILIDAD PARA LA UNIDAD ANDINA,MOVIMIENTO REGIONAL,"10,334","274,992","225,309"
ELECCIONES REGIONALES Y MUNICIPALES 2014,REGIONAL,2014,080000,HUANCAVELICA,,,MOVIMIENTO POLITICO FUERZA HUANCAVELICA,MOVIMIENTO REGIONAL,"7,808","274,992","225,309"
ELECCIONES REGIONALES Y MUNICIPALES 2014,REGIONAL,2014,080000,HUANCAVELICA,,,ACCION POPULAR,PARTIDO POLÍTICO,"4,009","274,992","225,309"
ELECCIONES REGIONALES Y MUNICIPALES 2014,REGIONAL,2014,080000,HUANCAVELICA,,,ALIANZA PARA EL PROGRESO,PARTIDO POLÍTICO,"2,070","274,992","225,309"
ELECCIONES REGIONALES Y MUNICIPALES 2014,REGIONAL,2014,080000,HUANCAVELICA,,,VOTOS EN BLANCO,,"19,984","274,992","225,309"
ELECCIONES REGIONALES Y MUNICIPALES 2014,REGIONAL,2014,080000,HUANCAVELICA,,,VOTOS NULOS,,"14,162","274,992","225,309"
ELECCIONES REGIONALES Y MUNICIPALES 2014,REGIONAL,2014,090000,HUANUCO,,,MOVIMIENTO INTEGRACION DESCENTRALISTA,MOVIMIENTO REGIONAL,"99,389","509,995","404,354"
ELECCIONES REGIONALES Y MUNICIPALES 2014,REGIONAL,2014,090000,HUANUCO,,,AVANZADA REGIONAL INDEPENDIENTE UNIDOS POR HUANUCO,MOVIMIENTO REGIONAL,"61,138","509,995","404,354"
ELECCIONES REGIONALES Y MUNICIPALES 2014,REGIONAL,2014,090000,HUANUCO,,,PARTIDO DEMOCRATICO SOMOS PERU,PARTIDO POLÍTICO,"51,383","509,995","404,354"
ELECCIONES REGIONALES Y MUNICIPALES 2014,REGIONAL,2014,090000,HUANUCO,,,MOVIMIENTO POLITICO FRENTE AMPLIO REGIONAL PAISANOCUNA,MOVIMIENTO REGIONAL,"34,535","509,995","404,354"
ELECCIONES REGIONALES Y MUNICIPALES 2014,REGIONAL,2014,090000,HUANUCO,,,MOVIMIENTO POLITICO HECHOS Y NO PALABRAS,MOVIMIENTO REGIONAL,"20,601","509,995","404,354"
ELECCIONES REGIONALES Y MUNICIPALES 2014,REGIONAL,2014,090000,HUANUCO,,,ACCION POPULAR,PARTIDO POLÍTICO,"13,738","509,995","404,354"
ELECCIONES REGIONALES Y MUNICIPALES 2014,REGIONAL,2014,090000,HUANUCO,,,FUERZA POPULAR,PARTIDO POLÍTICO,"12,365","509,995","404,354"
ELECCIONES REGIONALES Y MUNICIPALES 2014,REGIONAL,2014,090000,HUANUCO,,,UNION POR EL PERU,PARTIDO POLÍTICO,"12,199","509,995","404,354"
ELECCIONES REGIONALES Y MUNICIPALES 2014,REGIONAL,2014,090000,HUANUCO,,,MOVIMIENTO INDEPENDIENTE REGIONAL LUCHEMOS POR HUANUCO,MOVIMIENTO REGIONAL,"10,931","509,995","404,354"
ELECCIONES REGIONALES Y MUNICIPALES 2014,REGIONAL,2014,090000,HUANUCO,,,ALIANZA PARA EL PROGRESO,PARTIDO POLÍTICO,"5,996","509,995","404,354"
ELECCIONES REGIONALES Y MUNICIPALES 2014,REGIONAL,2014,090000,HUANUCO,,,AUTENTICO REGIONAL,MOVIMIENTO REGIONAL,"5,657","509,995","404,354"
ELECCIONES REGIONALES Y MUNICIPALES 2014,REGIONAL,2014,090000,HUANUCO,,,VAMOS PERU,PARTIDO POLÍTICO,"2,042","509,995","404,354"
ELECCIONES REGIONALES Y MUNICIPALES 2014,REGIONAL,2014,090000,HUANUCO,,,FRENTE DEMOCRATICO REGIONAL,MOVIMIENTO REGIONAL,"1,644","509,995","404,354"
ELECCIONES REGIONALES Y MUNICIPALES 2014,REGIONAL,2014,090000,HUANUCO,,,VOTOS EN BLANCO,,"36,810","509,995","404,354"
ELECCIONES REGIONALES Y MUNICIPALES 2014,REGIONAL,2014,090000,HUANUCO,,,VOTOS NULOS,,"35,926","509,995","404,354"
ELECCIONES REGIONALES Y MUNICIPALES 2014,REGIONAL,2014,100000,ICA,,,FUERZA POPULAR,PARTIDO POLÍTICO,"105,435","563,023","494,846"
ELECCIONES REGIONALES Y MUNICIPALES 2014,REGIONAL,2014,100000,ICA,,,MOVIMIENTO REGIONAL OBRAS POR LA MODERNIDAD,MOVIMIENTO REGIONAL,"86,168","563,023","494,846"
ELECCIONES REGIONALES Y MUNICIPALES 2014,REGIONAL,2014,100000,ICA,,,UNIDOS POR LA REGION,MOVIMIENTO REGIONAL,"56,343","563,023","494,846"
ELECCIONES REGIONALES Y MUNICIPALES 2014,REGIONAL,2014,100000,ICA,,,PARTIDO REGIONAL DE INTEGRACION,MOVIMIENTO REGIONAL,"56,194","563,023","494,846"
ELECCIONES REGIONALES Y MUNICIPALES 2014,REGIONAL,2014,100000,ICA,,,PARTIDO APRISTA PERUANO,PARTIDO POLÍTICO,"35,100","563,023","494,846"
ELECCIONES REGIONALES Y MUNICIPALES 2014,REGIONAL,2014,100000,ICA,,,ACCION POPULAR,PARTIDO POLÍTICO,"14,265","563,023","494,846"
ELECCIONES REGIONALES Y MUNICIPALES 2014,REGIONAL,2014,100000,ICA,,,FRENTE CIVICO LIBERTAD,MOVIMIENTO REGIONAL,"12,844","563,023","494,846"
ELECCIONES REGIONALES Y MUNICIPALES 2014,REGIONAL,2014,100000,ICA,,,SOLIDARIDAD NACIONAL,PARTIDO POLÍTICO,"12,539","563,023","494,846"
ELECCIONES REGIONALES Y MUNICIPALES 2014,REGIONAL,2014,100000,ICA,,,MOVIMIENTO INDEPENDIENTE REGIONAL HAMBRE CERO,MOVIMIENTO REGIONAL,"11,992","563,023","494,846"
ELECCIONES REGIONALES Y MUNICIPALES 2014,REGIONAL,2014,100000,ICA,,,UNION POR EL PERU,PARTIDO POLÍTICO,"11,085","563,023","494,846"
ELECCIONES REGIONALES Y MUNICIPALES 2014,REGIONAL,2014,100000,ICA,,,ALIANZA PARA EL PROGRESO,PARTIDO POLÍTICO,"6,212","563,023","494,846"
ELECCIONES REGIONALES Y MUNICIPALES 2014,REGIONAL,2014,100000,ICA,,,ALIANZA REGIONAL INDEPENDIENTE,MOVIMIENTO REGIONAL,"5,477","563,023","494,846"
ELECCIONES REGIONALES Y MUNICIPALES 2014,REGIONAL,2014,100000,ICA,,,PERU POSIBLE,PARTIDO POLÍTICO,"5,233","563,023","494,846"
ELECCIONES REGIONALES Y MUNICIPALES 2014,REGIONAL,2014,100000,ICA,,,"EL FRENTE AMPLIO POR JUSTICIA, VIDA Y LIBERTAD",PARTIDO POLÍTICO,"4,150","563,023","494,846"
ELECCIONES REGIONALES Y MUNICIPALES 2014,REGIONAL,2014,100000,ICA,,,DEMOCRACIA DIRECTA,PARTIDO POLÍTICO,"1,768","563,023","494,846"
ELECCIONES REGIONALES Y MUNICIPALES 2014,REGIONAL,2014,100000,ICA,,,VOTOS EN BLANCO,,"34,642","563,023","494,846"
ELECCIONES REGIONALES Y MUNICIPALES 2014,REGIONAL,2014,100000,ICA,,,VOTOS NULOS,,"35,399","563,023","494,846"
ELECCIONES REGIONALES Y MUNICIPALES 2014,REGIONAL,2014,110000,JUNIN,,,JUNIN SOSTENIBLE CON SU GENTE,MOVIMIENTO REGIONAL,"167,249","852,094","686,172"
ELECCIONES REGIONALES Y MUNICIPALES 2014,REGIONAL,2014,110000,JUNIN,,,MOVIMIENTO POLITICO REGIONAL PERU LIBRE,MOVIMIENTO REGIONAL,"154,728","852,094","686,172"
ELECCIONES REGIONALES Y MUNICIPALES 2014,REGIONAL,2014,110000,JUNIN,,,JUNTOS POR JUNIN,ALIANZA ELECTORAL,"84,572","852,094","686,172"
ELECCIONES REGIONALES Y MUNICIPALES 2014,REGIONAL,2014,110000,JUNIN,,,FUERZA POPULAR,PARTIDO POLÍTICO,"57,619","852,094","686,172"
ELECCIONES REGIONALES Y MUNICIPALES 2014,REGIONAL,2014,110000,JUNIN,,,JUNIN EMPRENDEDORES RUMBO AL 21,MOVIMIENTO REGIONAL,"46,009","852,094","686,172"
ELECCIONES REGIONALES Y MUNICIPALES 2014,REGIONAL,2014,110000,JUNIN,,,MOVIMIENTO REGIONAL BLOQUE POPULAR JUNIN,MOVIMIENTO REGIONAL,"21,609","852,094","686,172"
ELECCIONES REGIONALES Y MUNICIPALES 2014,REGIONAL,2014,110000,JUNIN,,,ALIANZA PARA EL PROGRESO,PARTIDO POLÍTICO,"19,526","852,094","686,172"
ELECCIONES REGIONALES Y MUNICIPALES 2014,REGIONAL,2014,110000,JUNIN,,,MOVIMIENTO REGIONAL INDEPENDIENTE CON EL PERU,MOVIMIENTO REGIONAL,"10,710","852,094","686,172"
ELECCIONES REGIONALES Y MUNICIPALES 2014,REGIONAL,2014,110000,JUNIN,,,MOVIMIENTO ETNOCACERISTA DE JUNIN,MOVIMIENTO REGIONAL,"8,228","852,094","686,172"
ELECCIONES REGIONALES Y MUNICIPALES 2014,REGIONAL,2014,110000,JUNIN,,,"EL FRENTE AMPLIO POR JUSTICIA, VIDA Y LIBERTAD",PARTIDO POLÍTICO,"7,189","852,094","686,172"
ELECCIONES REGIONALES Y MUNICIPALES 2014,REGIONAL,2014,110000,JUNIN,,,PERU POSIBLE,PARTIDO POLÍTICO,"4,827","852,094","686,172"
ELECCIONES REGIONALES Y MUNICIPALES 2014,REGIONAL,2014,110000,JUNIN,,,SOLIDARIDAD NACIONAL,PARTIDO POLÍTICO,"4,483","852,094","686,172"
ELECCIONES REGIONALES Y MUNICIPALES 2014,REGIONAL,2014,110000,JUNIN,,,DEMOCRACIA DIRECTA,PARTIDO POLÍTICO,"1,513","852,094","686,172"
ELECCIONES REGIONALES Y MUNICIPALES 2014,REGIONAL,2014,110000,JUNIN,,,VOTOS EN BLANCO,,"52,230","852,094","686,172"
ELECCIONES REGIONALES Y MUNICIPALES 2014,REGIONAL,2014,110000,JUNIN,,,VOTOS NULOS,,"45,680","852,094","686,172"
ELECCIONES REGIONALES Y MUNICIPALES 2014,REGIONAL,2014,120000,LA LIBERTAD,,,ALIANZA PARA EL PROGRESO,PARTIDO POLÍTICO,"380,875","1,248,026","1,045,062"
ELECCIONES REGIONALES Y MUNICIPALES 2014,REGIONAL,2014,120000,LA LIBERTAD,,,PARTIDO APRISTA PERUANO,PARTIDO POLÍTICO,"293,510","1,248,026","1,045,062"
ELECCIONES REGIONALES Y MUNICIPALES 2014,REGIONAL,2014,120000,LA LIBERTAD,,,MOVIMIENTO REGIONAL PARA EL DESARROLLO CON SEGURIDAD Y HONRADEZ,MOVIMIENTO REGIONAL,"76,921","1,248,026","1,045,062"
ELECCIONES REGIONALES Y MUNICIPALES 2014,REGIONAL,2014,120000,LA LIBERTAD,,,SUMATE POR UNA NUEVA LIBERTAD,ALIANZA ELECTORAL,"28,553","1,248,026","1,045,062"
ELECCIONES REGIONALES Y MUNICIPALES 2014,REGIONAL,2014,120000,LA LIBERTAD,,,"MOVIMIENTO REGIONAL INDEPENDIENTE DE CAMPESINOS, OBREROS, EMPLEADOS Y ESTUDIANTES",MOVIMIENTO REGIONAL,"26,056","1,248,026","1,045,062"
ELECCIONES REGIONALES Y MUNICIPALES 2014,REGIONAL,2014,120000,LA LIBERTAD,,,RESTAURACION NACIONAL,PARTIDO POLÍTICO,"24,036","1,248,026","1,045,062"
ELECCIONES REGIONALES Y MUNICIPALES 2014,REGIONAL,2014,120000,LA LIBERTAD,,,ACCION POPULAR,PARTIDO POLÍTICO,"9,728","1,248,026","1,045,062"
ELECCIONES REGIONALES Y MUNICIPALES 2014,REGIONAL,2014,120000,LA LIBERTAD,,,PARTIDO HUMANISTA PERUANO,PARTIDO POLÍTICO,"9,683","1,248,026","1,045,062"
ELECCIONES REGIONALES Y MUNICIPALES 2014,REGIONAL,2014,120000,LA LIBERTAD,,,DEMOCRACIA DIRECTA,PARTIDO POLÍTICO,"6,934","1,248,026","1,045,062"
ELECCIONES REGIONALES Y MUNICIPALES 2014,REGIONAL,2014,120000,LA LIBERTAD,,,PARTIDO POPULAR CRISTIANO - PPC,PARTIDO POLÍTICO,"6,233","1,248,026","1,045,062"
ELECCIONES REGIONALES Y MUNICIPALES 2014,REGIONAL,2014,120000,LA LIBERTAD,,,"EL FRENTE AMPLIO POR JUSTICIA, VIDA Y LIBERTAD",PARTIDO POLÍTICO,"4,552","1,248,026","1,045,062"
ELECCIONES REGIONALES Y MUNICIPALES 2014,REGIONAL,2014,120000,LA LIBERTAD,,,PERU PATRIA SEGURA,PARTIDO POLÍTICO,"3,767","1,248,026","1,045,062"
ELECCIONES REGIONALES Y MUNICIPALES 2014,REGIONAL,2014,120000,LA LIBERTAD,,,PERU POSIBLE,PARTIDO POLÍTICO,"3,093","1,248,026","1,045,062"
ELECCIONES REGIONALES Y MUNICIPALES 2014,REGIONAL,2014,120000,LA LIBERTAD,,,VOTOS EN BLANCO,,"90,098","1,248,026","1,045,062"
ELECCIONES REGIONALES Y MUNICIPALES 2014,REGIONAL,2014,120000,LA LIBERTAD,,,VOTOS NULOS,,"81,023","1,248,026","1,045,062"
ELECCIONES REGIONALES Y MUNICIPALES 2014,REGIONAL,2014,130000,LAMBAYEQUE,,,ALIANZA PARA EL PROGRESO,PARTIDO POLÍTICO,"203,536","858,177","720,520"
ELECCIONES REGIONALES Y MUNICIPALES 2014,REGIONAL,2014,130000,LAMBAYEQUE,,,FUERZA POPULAR,ALIANZA ELECTORAL,"144,279","858,177","720,520"
ELECCIONES REGIONALES Y MUNICIPALES 2014,REGIONAL,2014,130000,LAMBAYEQUE,,,PARTIDO APRISTA PERUANO,PARTIDO POLÍTICO,"117,430","858,177","720,520"
ELECCIONES REGIONALES Y MUNICIPALES 2014,REGIONAL,2014,130000,LAMBAYEQUE,,,PARTIDO HUMANISTA PERUANO,PARTIDO POLÍTICO,"46,044","858,177","720,520"
ELECCIONES REGIONALES Y MUNICIPALES 2014,REGIONAL,2014,130000,LAMBAYEQUE,,,PARTIDO POPULAR CRISTIANO - PPC,PARTIDO POLÍTICO,"34,500","858,177","720,520"
ELECCIONES REGIONALES Y MUNICIPALES 2014,REGIONAL,2014,130000,LAMBAYEQUE,,,"EL FRENTE AMPLIO POR JUSTICIA, VIDA Y LIBERTAD",PARTIDO POLÍTICO,"16,130","858,177","720,520"
ELECCIONES REGIONALES Y MUNICIPALES 2014,REGIONAL,2014,130000,LAMBAYEQUE,,,CAMBIO NORTEÑO,MOVIMIENTO REGIONAL,"10,028","858,177","720,520"
ELECCIONES REGIONALES Y MUNICIPALES 2014,REGIONAL,2014,130000,LAMBAYEQUE,,,MOVIMIENTO REGIONAL DE LAS MANOS LIMPIAS,MOVIMIENTO REGIONAL,"9,422","858,177","720,520"
ELECCIONES REGIONALES Y MUNICIPALES 2014,REGIONAL,2014,130000,LAMBAYEQUE,,,DEMOCRACIA DIRECTA,PARTIDO POLÍTICO,"9,360","858,177","720,520"
ELECCIONES REGIONALES Y MUNICIPALES 2014,REGIONAL,2014,130000,LAMBAYEQUE,,,PARTIDO DEMOCRATICO SOMOS PERU,PARTIDO POLÍTICO,"8,857","858,177","720,520"
ELECCIONES REGIONALES Y MUNICIPALES 2014,REGIONAL,2014,130000,LAMBAYEQUE,,,PERU POSIBLE,PARTIDO POLÍTICO,"4,450","858,177","720,520"
ELECCIONES REGIONALES Y MUNICIPALES 2014,REGIONAL,2014,130000,LAMBAYEQUE,,,VAMOS PERU,PARTIDO POLÍTICO,"3,000","858,177","720,520"
ELECCIONES REGIONALES Y MUNICIPALES 2014,REGIONAL,2014,130000,LAMBAYEQUE,,,PODER PARA TODOS,MOVIMIENTO REGIONAL,"2,380","858,177","720,520"
ELECCIONES REGIONALES Y MUNICIPALES 2014,REGIONAL,2014,130000,LAMBAYEQUE,,,VOTOS EN BLANCO,,"59,342","858,177","720,520"
ELECCIONES REGIONALES Y MUNICIPALES 2014,REGIONAL,2014,130000,LAMBAYEQUE,,,VOTOS NULOS,,"51,762","858,177","720,520"
ELECCIONES REGIONALES Y MUNICIPALES 2014,REGIONAL,2014,140000,LIMA,,,CONCERTACION PARA EL DESARROLLO REGIONAL - LIMA,MOVIMIENTO REGIONAL,"93,607","678,480","583,397"
ELECCIONES REGIONALES Y MUNICIPALES 2014,REGIONAL,2014,140000,LIMA,,,PATRIA JOVEN,MOVIMIENTO REGIONAL,"66,800","678,480","583,397"
ELECCIONES REGIONALES Y MUNICIPALES 2014,REGIONAL,2014,140000,LIMA,,,FUERZA POPULAR,PARTIDO POLÍTICO,"63,078","678,480","583,397"
ELECCIONES REGIONALES Y MUNICIPALES 2014,REGIONAL,2014,140000,LIMA,,,ALIANZA PARA EL PROGRESO,PARTIDO POLÍTICO,"57,658","678,480","583,397"
ELECCIONES REGIONALES Y MUNICIPALES 2014,REGIONAL,2014,140000,LIMA,,,FUERZA REGIONAL,MOVIMIENTO REGIONAL,"57,437","678,480","583,397"
ELECCIONES REGIONALES Y MUNICIPALES 2014,REGIONAL,2014,140000,LIMA,,,MOVIMIENTO REGIONAL UNIDAD CIVICA LIMA,MOVIMIENTO REGIONAL,"55,361","678,480","583,397"
ELECCIONES REGIONALES Y MUNICIPALES 2014,REGIONAL,2014,140000,LIMA,,,SOLIDARIDAD NACIONAL,PARTIDO POLÍTICO,"22,303","678,480","583,397"
ELECCIONES REGIONALES Y MUNICIPALES 2014,REGIONAL,2014,140000,LIMA,,,SIEMPRE UNIDOS,PARTIDO POLÍTICO,"21,014","678,480","583,397"
ELECCIONES REGIONALES Y MUNICIPALES 2014,REGIONAL,2014,140000,LIMA,,,COLECTIVO CIUDADANO CONFIANZA PERU,MOVIMIENTO REGIONAL,"12,378","678,480","583,397"
ELECCIONES REGIONALES Y MUNICIPALES 2014,REGIONAL,2014,140000,LIMA,,,ACCION POPULAR,PARTIDO POLÍTICO,"11,405","678,480","583,397"
ELECCIONES REGIONALES Y MUNICIPALES 2014,REGIONAL,2014,140000,LIMA,,,MOVIMIENTO REGIONAL JUSTICIA Y CAPACIDAD,MOVIMIENTO REGIONAL,"11,005","678,480","583,397"
ELECCIONES REGIONALES Y MUNICIPALES 2014,REGIONAL,2014,140000,LIMA,,,UNION POR EL PERU,PARTIDO POLÍTICO,"5,243","678,480","583,397"
ELECCIONES REGIONALES Y MUNICIPALES 2014,REGIONAL,2014,140000,LIMA,,,PERU POSIBLE,PARTIDO POLÍTICO,"4,324","678,480","583,397"
ELECCIONES REGIONALES Y MUNICIPALES 2014,REGIONAL,2014,140000,LIMA,,,"EL FRENTE AMPLIO POR JUSTICIA, VIDA Y LIBERTAD",PARTIDO POLÍTICO,"3,951","678,480","583,397"
ELECCIONES REGIONALES Y MUNICIPALES 2014,REGIONAL,2014,140000,LIMA,,,PARTIDO HUMANISTA PERUANO,PARTIDO POLÍTICO,"3,171","678,480","583,397"
ELECCIONES REGIONALES Y MUNICIPALES 2014,REGIONAL,2014,140000,LIMA,,,VOTOS EN BLANCO,,"51,222","678,480","583,397"
ELECCIONES REGIONALES Y MUNICIPALES 2014,REGIONAL,2014,140000,LIMA,,,VOTOS NULOS,,"43,440","678,480","583,397"
ELECCIONES REGIONALES Y MUNICIPALES 2014,REGIONAL,2014,150000,LORETO,,,MOVIMIENTO INTEGRACION LORETANA,MOVIMIENTO REGIONAL,"164,210","615,249","470,417"
ELECCIONES REGIONALES Y MUNICIPALES 2014,REGIONAL,2014,150000,LORETO,,,FUERZA LORETANA,MOVIMIENTO REGIONAL,"111,562","615,249","470,417"
ELECCIONES REGIONALES Y MUNICIPALES 2014,REGIONAL,2014,150000,LORETO,,,MOVIMIENTO INDEPENDIENTE LORETO - MI LORETO,MOVIMIENTO REGIONAL,"62,778","615,249","470,417"
ELECCIONES REGIONALES Y MUNICIPALES 2014,REGIONAL,2014,150000,LORETO,,,MOVIMIENTO ESPERANZA REGION AMAZONICA,MOVIMIENTO REGIONAL,"25,824","615,249","470,417"
ELECCIONES REGIONALES Y MUNICIPALES 2014,REGIONAL,2014,150000,LORETO,,,ACCION POPULAR,PARTIDO POLÍTICO,"23,686","615,249","470,417"
ELECCIONES REGIONALES Y MUNICIPALES 2014,REGIONAL,2014,150000,LORETO,,,ALIANZA PARA EL PROGRESO,PARTIDO POLÍTICO,"4,970","615,249","470,417"
ELECCIONES REGIONALES Y MUNICIPALES 2014,REGIONAL,2014,150000,LORETO,,,MOVIMIENTO POLITICO REGIONAL UNIPOL,MOVIMIENTO REGIONAL,"4,748","615,249","470,417"
ELECCIONES REGIONALES Y MUNICIPALES 2014,REGIONAL,2014,150000,LORETO,,,VOTOS EN BLANCO,,"30,798","615,249","470,417"
ELECCIONES REGIONALES Y MUNICIPALES 2014,REGIONAL,2014,150000,LORETO,,,VOTOS NULOS,,"41,841","615,249","470,417"
ELECCIONES REGIONALES Y MUNICIPALES 2014,REGIONAL,2014,160000,MADRE DE DIOS,,,DEMOCRACIA DIRECTA,PARTIDO POLÍTICO,"19,003","90,542","74,236"
ELECCIONES REGIONALES Y MUNICIPALES 2014,REGIONAL,2014,160000,MADRE DE DIOS,,,MOVIMIENTO INDEPENDIENTE AMOR POR MADRE DE DIOS,MOVIMIENTO REGIONAL,"16,987","90,542","74,236"
ELECCIONES REGIONALES Y MUNICIPALES 2014,REGIONAL,2014,160000,MADRE DE DIOS,,,MOVIMIENTO INDEPENDIENTE OBRAS SIEMPRE OBRAS,MOVIMIENTO REGIONAL,"9,167","90,542","74,236"
ELECCIONES REGIONALES Y MUNICIPALES 2014,REGIONAL,2014,160000,MADRE DE DIOS,,,MOVIMIENTO REGIONAL FUERZA POR MADRE DE DIOS,MOVIMIENTO REGIONAL,"8,392","90,542","74,236"
ELECCIONES REGIONALES Y MUNICIPALES 2014,REGIONAL,2014,160000,MADRE DE DIOS,,,PARTIDO APRISTA PERUANO,PARTIDO POLÍTICO,"3,525","90,542","74,236"
ELECCIONES REGIONALES Y MUNICIPALES 2014,REGIONAL,2014,160000,MADRE DE DIOS,,,PARTIDO HUMANISTA PERUANO,PARTIDO POLÍTICO,"3,495","90,542","74,236"
ELECCIONES REGIONALES Y MUNICIPALES 2014,REGIONAL,2014,160000,MADRE DE DIOS,,,UNION POR EL PERU,PARTIDO POLÍTICO,"1,688","90,542","74,236"
ELECCIONES REGIONALES Y MUNICIPALES 2014,REGIONAL,2014,160000,MADRE DE DIOS,,,PARTIDO POPULAR CRISTIANO - PPC,PARTIDO POLÍTICO,"1,259","90,542","74,236"
ELECCIONES REGIONALES Y MUNICIPALES 2014,REGIONAL,2014,160000,MADRE DE DIOS,,,SIEMPRE UNIDOS,PARTIDO POLÍTICO,868,"90,542","74,236"
ELECCIONES REGIONALES Y MUNICIPALES 2014,REGIONAL,2014,160000,MADRE DE DIOS,,,MOVIMIENTO REGIONAL DE MADRE DE DIOS MINEROS UNIDOS,MOVIMIENTO REGIONAL,443,"90,542","74,236"
ELECCIONES REGIONALES Y MUNICIPALES 2014,REGIONAL,2014,160000,MADRE DE DIOS,,,VOTOS EN BLANCO,,"5,430","90,542","74,236"
ELECCIONES REGIONALES Y MUNICIPALES 2014,REGIONAL,2014,160000,MADRE DE DIOS,,,VOTOS NULOS,,"3,979","90,542","74,236"
ELECCIONES REGIONALES Y MUNICIPALES 2014,REGIONAL,2014,170000,MOQUEGUA,,,KAUSACHUN,MOVIMIENTO REGIONAL,"46,975","130,067","113,769"
ELECCIONES REGIONALES Y MUNICIPALES 2014,REGIONAL,2014,170000,MOQUEGUA,,,FRENTE DE INTEGRACION REGIONAL MOQUEGUA EMPRENDEDORA FIRME,MOVIMIENTO REGIONAL,"37,441","130,067","113,769"
ELECCIONES REGIONALES Y MUNICIPALES 2014,REGIONAL,2014,170000,MOQUEGUA,,,MOVIMIENTO POLITICO REGIONAL CONTIGO MOQUEGUA,MOVIMIENTO REGIONAL,"4,519","130,067","113,769"
ELECCIONES REGIONALES Y MUNICIPALES 2014,REGIONAL,2014,170000,MOQUEGUA,,,VAMOS PERU,PARTIDO POLÍTICO,"2,242","130,067","113,769"
ELECCIONES REGIONALES Y MUNICIPALES 2014,REGIONAL,2014,170000,MOQUEGUA,,,"EL FRENTE AMPLIO POR JUSTICIA, VIDA Y LIBERTAD",PARTIDO POLÍTICO,"2,210","130,067","113,769"
ELECCIONES REGIONALES Y MUNICIPALES 2014,REGIONAL,2014,170000,MOQUEGUA,,,ACCION POPULAR,PARTIDO POLÍTICO,915,"130,067","113,769"
ELECCIONES REGIONALES Y MUNICIPALES 2014,REGIONAL,2014,170000,MOQUEGUA,,,SOMOS INDEPENDIENTES,MOVIMIENTO REGIONAL,871,"130,067","113,769"
ELECCIONES REGIONALES Y MUNICIPALES 2014,REGIONAL,2014,170000,MOQUEGUA,,,PARTIDO HUMANISTA PERUANO,PARTIDO POLÍTICO,548,"130,067","113,769"
ELECCIONES REGIONALES Y MUNICIPALES 2014,REGIONAL,2014,170000,MOQUEGUA,,,VOTOS EN BLANCO,,"12,658","130,067","113,769"
ELECCIONES REGIONALES Y MUNICIPALES 2014,REGIONAL,2014,170000,MOQUEGUA,,,VOTOS NULOS,,"5,390","130,067","113,769"
ELECCIONES REGIONALES Y MUNICIPALES 2014,REGIONAL,2014,180000,PASCO,,,FUERZA POPULAR,PARTIDO POLÍTICO,"28,090","183,296","149,363"
ELECCIONES REGIONALES Y MUNICIPALES 2014,REGIONAL,2014,180000,PASCO,,,PASCO VERDE,MOVIMIENTO REGIONAL,"26,417","183,296","149,363"
ELECCIONES REGIONALES Y MUNICIPALES 2014,REGIONAL,2014,180000,PASCO,,,ALIANZA PARA EL PROGRESO,PARTIDO POLÍTICO,"12,853","183,296","149,363"
ELECCIONES REGIONALES Y MUNICIPALES 2014,REGIONAL,2014,180000,PASCO,,,MOVIMIENTO REGIONAL FRENTE ANDINO AMAZONICO,MOVIMIENTO REGIONAL,"12,093","183,296","149,363"
ELECCIONES REGIONALES Y MUNICIPALES 2014,REGIONAL,2014,180000,PASCO,,,CONCERTACION EN LA REGION,MOVIMIENTO REGIONAL,"9,942","183,296","149,363"
ELECCIONES REGIONALES Y MUNICIPALES 2014,REGIONAL,2014,180000,PASCO,,,UNION POR EL PERU,PARTIDO POLÍTICO,"8,972","183,296","149,363"
ELECCIONES REGIONALES Y MUNICIPALES 2014,REGIONAL,2014,180000,PASCO,,,PARTIDO DEMOCRATICO SOMOS PERU,PARTIDO POLÍTICO,"8,855","183,296","149,363"
ELECCIONES REGIONALES Y MUNICIPALES 2014,REGIONAL,2014,180000,PASCO,,,PASCO DIGNIDAD,MOVIMIENTO REGIONAL,"8,371","183,296","149,363"
ELECCIONES REGIONALES Y MUNICIPALES 2014,REGIONAL,2014,180000,PASCO,,,ACCION POPULAR,PARTIDO POLÍTICO,"2,178","183,296","149,363"
ELECCIONES REGIONALES Y MUNICIPALES 2014,REGIONAL,2014,180000,PASCO,,,PARTIDO HUMANISTA PERUANO,PARTIDO POLÍTICO,834,"183,296","149,363"
ELECCIONES REGIONALES Y MUNICIPALES 2014,REGIONAL,2014,180000,PASCO,,,VOTOS EN BLANCO,,"10,476","183,296","149,363"
ELECCIONES REGIONALES Y MUNICIPALES 2014,REGIONAL,2014,180000,PASCO,,,VOTOS NULOS,,"20,282","183,296","149,363"
ELECCIONES REGIONALES Y MUNICIPALES 2014,REGIONAL,2014,190000,PIURA,,,UNION DEMOCRATICA DEL NORTE,MOVIMIENTO REGIONAL,"298,688","1,226,898","1,049,340"
ELECCIONES REGIONALES Y MUNICIPALES 2014,REGIONAL,2014,190000,PIURA,,,MOVIMIENTO REGIONAL SEGURIDAD Y PROSPERIDAD,MOVIMIENTO REGIONAL,"147,087","1,226,898","1,049,340"
ELECCIONES REGIONALES Y MUNICIPALES 2014,REGIONAL,2014,190000,PIURA,,,REGION PARA TODOS,MOVIMIENTO REGIONAL,"108,922","1,226,898","1,049,340"
ELECCIONES REGIONALES Y MUNICIPALES 2014,REGIONAL,2014,190000,PIURA,,,ALIANZA PARA EL PROGRESO,PARTIDO POLÍTICO,"82,372","1,226,898","1,049,340"
ELECCIONES REGIONALES Y MUNICIPALES 2014,REGIONAL,2014,190000,PIURA,,,MOVIMIENTO INDEPENDIENTE FUERZA REGIONAL,MOVIMIENTO REGIONAL,"73,913","1,226,898","1,049,340"
ELECCIONES REGIONALES Y MUNICIPALES 2014,REGIONAL,2014,190000,PIURA,,,FUERZA POPULAR,PARTIDO POLÍTICO,"38,475","1,226,898","1,049,340"
ELECCIONES REGIONALES Y MUNICIPALES 2014,REGIONAL,2014,190000,PIURA,,,AGRO SI,MOVIMIENTO REGIONAL,"30,313","1,226,898","1,049,340"
ELECCIONES REGIONALES Y MUNICIPALES 2014,REGIONAL,2014,190000,PIURA,,,MOVIMIENTO REGIONAL OBRAS + OBRAS,MOVIMIENTO REGIONAL,"19,341","1,226,898","1,049,340"
ELECCIONES REGIONALES Y MUNICIPALES 2014,REGIONAL,2014,190000,PIURA,,,ACCION POPULAR,PARTIDO POLÍTICO,"11,373","1,226,898","1,049,340"
ELECCIONES REGIONALES Y MUNICIPALES 2014,REGIONAL,2014,190000,PIURA,,,VAMOS PERU,PARTIDO POLÍTICO,"8,977","1,226,898","1,049,340"
ELECCIONES REGIONALES Y MUNICIPALES 2014,REGIONAL,2014,190000,PIURA,,,UNIDOS CONSTRUYENDO,MOVIMIENTO REGIONAL,"2,515","1,226,898","1,049,340"
ELECCIONES REGIONALES Y MUNICIPALES 2014,REGIONAL,2014,190000,PIURA,,,DEMOCRACIA DIRECTA,PARTIDO POLÍTICO,"2,253","1,226,898","1,049,340"
ELECCIONES REGIONALES Y MUNICIPALES 2014,REGIONAL,2014,190000,PIURA,,,VOTOS EN BLANCO,,"144,606","1,226,898","1,049,340"
ELECCIONES REGIONALES Y MUNICIPALES 2014,REGIONAL,2014,190000,PIURA,,,VOTOS NULOS,,"80,505","1,226,898","1,049,340"
ELECCIONES REGIONALES Y MUNICIPALES 2014,REGIONAL,2014,200000,PUNO,,,PROYECTO DE LA INTEGRACION PARA LA COOPERACION,MOVIMIENTO REGIONAL,"174,395","841,046","733,831"
ELECCIONES REGIONALES Y MUNICIPALES 2014,REGIONAL,2014,200000,PUNO,,,DEMOCRACIA DIRECTA,PARTIDO POLÍTICO,"128,512","841,046","733,831"
ELECCIONES REGIONALES Y MUNICIPALES 2014,REGIONAL,2014,200000,PUNO,,,POR LAS COMUNIDADES FUENTE DE INTEGRACIÓN ANDINA DE PUNO - CONFIA - PUNO,MOVIMIENTO REGIONAL,"77,832","841,046","733,831"
ELECCIONES REGIONALES Y MUNICIPALES 2014,REGIONAL,2014,200000,PUNO,,,PODER DEMOCRATICO REGIONAL,MOVIMIENTO REGIONAL,"34,633","841,046","733,831"
ELECCIONES REGIONALES Y MUNICIPALES 2014,REGIONAL,2014,200000,PUNO,,,FRENTE AMPLIO PARA EL DESARROLLO DEL PUEBLO,MOVIMIENTO REGIONAL,"31,304","841,046","733,831"
ELECCIONES REGIONALES Y MUNICIPALES 2014,REGIONAL,2014,200000,PUNO,,,PODER ANDINO,MOVIMIENTO REGIONAL,"27,162","841,046","733,831"
ELECCIONES REGIONALES Y MUNICIPALES 2014,REGIONAL,2014,200000,PUNO,,,ALIANZA PARA EL PROGRESO,PARTIDO POLÍTICO,"23,931","841,046","733,831"
ELECCIONES REGIONALES Y MUNICIPALES 2014,REGIONAL,2014,200000,PUNO,,,FRENTE AMPLIO DE PUNO,MOVIMIENTO REGIONAL,"16,750","841,046","733,831"
ELECCIONES REGIONALES Y MUNICIPALES 2014,REGIONAL,2014,200000,PUNO,,,PROYECTO POLITICO AQUI,MOVIMIENTO REGIONAL,"15,530","841,046","733,831"
ELECCIONES REGIONALES Y MUNICIPALES 2014,REGIONAL,2014,200000,PUNO,,,MOVIMIENTO AGRARIO PUNEÑO,MOVIMIENTO REGIONAL,"14,055","841,046","733,831"
ELECCIONES REGIONALES Y MUNICIPALES 2014,REGIONAL,2014,200000,PUNO,,,ACCION POPULAR,PARTIDO POLÍTICO,"10,557","841,046","733,831"
ELECCIONES REGIONALES Y MUNICIPALES 2014,REGIONAL,2014,200000,PUNO,,,RESTAURACION NACIONAL,PARTIDO POLÍTICO,"10,011","841,046","733,831"
ELECCIONES REGIONALES Y MUNICIPALES 2014,REGIONAL,2014,200000,PUNO,,,MOVIMIENTO ANDINO SOCIALISTA,MOVIMIENTO REGIONAL,"9,326","841,046","733,831"
ELECCIONES REGIONALES Y MUNICIPALES 2014,REGIONAL,2014,200000,PUNO,,,PARTIDO HUMANISTA PERUANO,PARTIDO POLÍTICO,"8,839","841,046","733,831"
ELECCIONES REGIONALES Y MUNICIPALES 2014,REGIONAL,2014,200000,PUNO,,,FUERZA POPULAR,PARTIDO POLÍTICO,"8,285","841,046","733,831"
ELECCIONES REGIONALES Y MUNICIPALES 2014,REGIONAL,2014,200000,PUNO,,,MOVIMIENTO AL SOCIALISMO Y LIBERTAD,MOVIMIENTO REGIONAL,"5,328","841,046","733,831"
ELECCIONES REGIONALES Y MUNICIPALES 2014,REGIONAL,2014,200000,PUNO,,,VOTOS EN BLANCO,,"73,662","841,046","733,831"
ELECCIONES REGIONALES Y MUNICIPALES 2014,REGIONAL,2014,200000,PUNO,,,VOTOS NULOS,,"63,719","841,046","733,831"
ELECCIONES REGIONALES Y MUNICIPALES 2014,REGIONAL,2014,210000,SAN MARTIN,,,PARTIDO APRISTA PERUANO,PARTIDO POLÍTICO,"74,176","545,521","450,736"
ELECCIONES REGIONALES Y MUNICIPALES 2014,REGIONAL,2014,210000,SAN MARTIN,,,FUERZA POPULAR,PARTIDO POLÍTICO,"58,484","545,521","450,736"
ELECCIONES REGIONALES Y MUNICIPALES 2014,REGIONAL,2014,210000,SAN MARTIN,,,ACCION POPULAR,PARTIDO POLÍTICO,"56,814","545,521","450,736"
ELECCIONES REGIONALES Y MUNICIPALES 2014,REGIONAL,2014,210000,SAN MARTIN,,,ALIANZA PARA EL PROGRESO,PARTIDO POLÍTICO,"56,247","545,521","450,736"
ELECCIONES REGIONALES Y MUNICIPALES 2014,REGIONAL,2014,210000,SAN MARTIN,,,NUEVA AMAZONIA,MOVIMIENTO REGIONAL,"53,941","545,521","450,736"
ELECCIONES REGIONALES Y MUNICIPALES 2014,REGIONAL,2014,210000,SAN MARTIN,,,FUERZA COMUNAL,MOVIMIENTO REGIONAL,"38,898","545,521","450,736"
ELECCIONES REGIONALES Y MUNICIPALES 2014,REGIONAL,2014,210000,SAN MARTIN,,,ACCION REGIONAL,MOVIMIENTO REGIONAL,"19,710","545,521","450,736"
ELECCIONES REGIONALES Y MUNICIPALES 2014,REGIONAL,2014,210000,SAN MARTIN,,,MAS SAN MARTIN,MOVIMIENTO REGIONAL,"10,244","545,521","450,736"
ELECCIONES REGIONALES Y MUNICIPALES 2014,REGIONAL,2014,210000,SAN MARTIN,,,VOTOS EN BLANCO,,"41,028","545,521","450,736"
ELECCIONES REGIONALES Y MUNICIPALES 2014,REGIONAL,2014,210000,SAN MARTIN,,,VOTOS NULOS,,"41,194","545,521","450,736"
ELECCIONES REGIONALES Y MUNICIPALES 2014,REGIONAL,2014,220000,TACNA,,,MOVIMIENTO CIVICO PERUANO,MOVIMIENTO REGIONAL,"34,058","246,256","212,952"
ELECCIONES REGIONALES Y MUNICIPALES 2014,REGIONAL,2014,220000,TACNA,,,VAMOS PERU,PARTIDO POLÍTICO,"32,098","246,256","212,952"
ELECCIONES REGIONALES Y MUNICIPALES 2014,REGIONAL,2014,220000,TACNA,,,BANDERAS TACNEÑISTAS,MOVIMIENTO REGIONAL,"29,164","246,256","212,952"
ELECCIONES REGIONALES Y MUNICIPALES 2014,REGIONAL,2014,220000,TACNA,,,IGUALDAD NACIONAL CRISTIANA AUTONOMA,MOVIMIENTO REGIONAL,"12,319","246,256","212,952"
ELECCIONES REGIONALES Y MUNICIPALES 2014,REGIONAL,2014,220000,TACNA,,,DEMOCRACIA DIRECTA,PARTIDO POLÍTICO,"10,621","246,256","212,952"
ELECCIONES REGIONALES Y MUNICIPALES 2014,REGIONAL,2014,220000,TACNA,,,PARTIDO POPULAR CRISTIANO - PPC,PARTIDO POLÍTICO,"10,274","246,256","212,952"
ELECCIONES REGIONALES Y MUNICIPALES 2014,REGIONAL,2014,220000,TACNA,,,DESARROLLO PARA TACNA,MOVIMIENTO REGIONAL,"6,873","246,256","212,952"
ELECCIONES REGIONALES Y MUNICIPALES 2014,REGIONAL,2014,220000,TACNA,,,ALIANZA POR TACNA,MOVIMIENTO REGIONAL,"6,774","246,256","212,952"
ELECCIONES REGIONALES Y MUNICIPALES 2014,REGIONAL,2014,220000,TACNA,,,PERU PATRIA SEGURA,PARTIDO POLÍTICO,"6,058","246,256","212,952"
ELECCIONES REGIONALES Y MUNICIPALES 2014,REGIONAL,2014,220000,TACNA,,,ARRIBA TACNA,MOVIMIENTO REGIONAL,"5,651","246,256","212,952"
ELECCIONES REGIONALES Y MUNICIPALES 2014,REGIONAL,2014,220000,TACNA,,,MOVIMIENTO POPULAR AYMARA QUECHUA AMAZONENSE,MOVIMIENTO REGIONAL,"5,510","246,256","212,952"
ELECCIONES REGIONALES Y MUNICIPALES 2014,REGIONAL,2014,220000,TACNA,,,ALIANZA PARA EL PROGRESO,PARTIDO POLÍTICO,"4,517","246,256","212,952"
ELECCIONES REGIONALES Y MUNICIPALES 2014,REGIONAL,2014,220000,TACNA,,,PARTIDO APRISTA PERUANO,PARTIDO POLÍTICO,"3,910","246,256","212,952"
ELECCIONES REGIONALES Y MUNICIPALES 2014,REGIONAL,2014,220000,TACNA,,,ACCION POPULAR,PARTIDO POLÍTICO,"2,806","246,256","212,952"
ELECCIONES REGIONALES Y MUNICIPALES 2014,REGIONAL,2014,220000,TACNA,,,PARTIDO HUMANISTA PERUANO,PARTIDO POLÍTICO,"2,485","246,256","212,952"
ELECCIONES REGIONALES Y MUNICIPALES 2014,REGIONAL,2014,220000,TACNA,,,PARTIDO DEMOCRATICO SOMOS PERU,PARTIDO POLÍTICO,"2,309","246,256","212,952"
ELECCIONES REGIONALES Y MUNICIPALES 2014,REGIONAL,2014,220000,TACNA,,,TACNA LIBRE,MOVIMIENTO REGIONAL,"1,721","246,256","212,952"
ELECCIONES REGIONALES Y MUNICIPALES 2014,REGIONAL,2014,220000,TACNA,,,PERU POSIBLE,PARTIDO POLÍTICO,"1,451","246,256","212,952"
ELECCIONES REGIONALES Y MUNICIPALES 2014,REGIONAL,2014,220000,TACNA,,,"EL FRENTE AMPLIO POR JUSTICIA, VIDA Y LIBERTAD",PARTIDO POLÍTICO,"1,032","246,256","212,952"
ELECCIONES REGIONALES Y MUNICIPALES 2014,REGIONAL,2014,220000,TACNA,,,VOTOS EN BLANCO,,"17,687","246,256","212,952"
ELECCIONES REGIONALES Y MUNICIPALES 2014,REGIONAL,2014,220000,TACNA,,,VOTOS NULOS,,"15,634","246,256","212,952"
ELECCIONES REGIONALES Y MUNICIPALES 2014,REGIONAL,2014,230000,TUMBES,,,RECONSTRUCCION CON OBRAS MAS OBRAS PARA UN TUMBES BELLO,MOVIMIENTO REGIONAL,"24,972","152,314","130,020"
ELECCIONES REGIONALES Y MUNICIPALES 2014,REGIONAL,2014,230000,TUMBES,,,MOVIMIENTO INDEPENDIENTE REGIONAL YO SI AMO A TUMBES,MOVIMIENTO REGIONAL,"17,650","152,314","130,020"
ELECCIONES REGIONALES Y MUNICIPALES 2014,REGIONAL,2014,230000,TUMBES,,,MOVIMIENTO INDEPENDIENTE REGIONAL FAENA,MOVIMIENTO REGIONAL,"12,228","152,314","130,020"
ELECCIONES REGIONALES Y MUNICIPALES 2014,REGIONAL,2014,230000,TUMBES,,,DEMOCRACIA DIRECTA,PARTIDO POLÍTICO,"11,504","152,314","130,020"
ELECCIONES REGIONALES Y MUNICIPALES 2014,REGIONAL,2014,230000,TUMBES,,,UNION POR EL PERU,PARTIDO POLÍTICO,"8,476","152,314","130,020"
ELECCIONES REGIONALES Y MUNICIPALES 2014,REGIONAL,2014,230000,TUMBES,,,SOLIDARIDAD NACIONAL,PARTIDO POLÍTICO,"6,766","152,314","130,020"
ELECCIONES REGIONALES Y MUNICIPALES 2014,REGIONAL,2014,230000,TUMBES,,,ALIANZA PARA EL PROGRESO,PARTIDO POLÍTICO,"5,513","152,314","130,020"
ELECCIONES REGIONALES Y MUNICIPALES 2014,REGIONAL,2014,230000,TUMBES,,,MOVIMIENTO TUMBESINO PUEBLO UNIDO,MOVIMIENTO REGIONAL,"3,698","152,314","130,020"
ELECCIONES REGIONALES Y MUNICIPALES 2014,REGIONAL,2014,230000,TUMBES,,,FUERZA POPULAR,PARTIDO POLÍTICO,"3,555","152,314","130,020"
ELECCIONES REGIONALES Y MUNICIPALES 2014,REGIONAL,2014,230000,TUMBES,,,"PROGRESO, DIGNIDAD Y TRABAJO",MOVIMIENTO REGIONAL,"2,544","152,314","130,020"
ELECCIONES REGIONALES Y MUNICIPALES 2014,REGIONAL,2014,230000,TUMBES,,,YA ES LA HORA,MOVIMIENTO REGIONAL,"2,282","152,314","130,020"
ELECCIONES REGIONALES Y MUNICIPALES 2014,REGIONAL,2014,230000,TUMBES,,,VAMOS PERU,PARTIDO POLÍTICO,"1,464","152,314","130,020"
ELECCIONES REGIONALES Y MUNICIPALES 2014,REGIONAL,2014,230000,TUMBES,,,GANA TUMBES,MOVIMIENTO REGIONAL,898,"152,314","130,020"
ELECCIONES REGIONALES Y MUNICIPALES 2014,REGIONAL,2014,230000,TUMBES,,,SIEMPRE UNIDOS,PARTIDO POLÍTICO,851,"152,314","130,020"
ELECCIONES REGIONALES Y MUNICIPALES 2014,REGIONAL,2014,230000,TUMBES,,,ACCION POPULAR,PARTIDO POLÍTICO,729,"152,314","130,020"
ELECCIONES REGIONALES Y MUNICIPALES 2014,REGIONAL,2014,230000,TUMBES,,,PERU PATRIA SEGURA,PARTIDO POLÍTICO,714,"152,314","130,020"
ELECCIONES REGIONALES Y MUNICIPALES 2014,REGIONAL,2014,230000,TUMBES,,,PARTIDO HUMANISTA PERUANO,PARTIDO POLÍTICO,547,"152,314","130,020"
ELECCIONES REGIONALES Y MUNICIPALES 2014,REGIONAL,2014,230000,TUMBES,,,MOVIMIENTO DE INTEGRACION ECOLOGISTA TUMBESINO,MOVIMIENTO REGIONAL,484,"152,314","130,020"
ELECCIONES REGIONALES Y MUNICIPALES 2014,REGIONAL,2014,230000,TUMBES,,,PARTICIPACION TUMBESINA,MOVIMIENTO REGIONAL,371,"152,314","130,020"
ELECCIONES REGIONALES Y MUNICIPALES 2014,REGIONAL,2014,230000,TUMBES,,,"EL FRENTE AMPLIO POR JUSTICIA, VIDA Y LIBERTAD",PARTIDO POLÍTICO,308,"152,314","130,020"
ELECCIONES REGIONALES Y MUNICIPALES 2014,REGIONAL,2014,230000,TUMBES,,,VOTOS EN BLANCO,,"14,256","152,314","130,020"
ELECCIONES REGIONALES Y MUNICIPALES 2014,REGIONAL,2014,230000,TUMBES,,,VOTOS NULOS,,"10,210","152,314","130,020"
ELECCIONES REGIONALES Y MUNICIPALES 2014,REGIONAL,2014,240000,CALLAO,,,CHIMPUM CALLAO,ALIANZA ELECTORAL,"200,082","712,595","601,492"
ELECCIONES REGIONALES Y MUNICIPALES 2014,REGIONAL,2014,240000,CALLAO,,,ACCION POPULAR,PARTIDO POLÍTICO,"107,104","712,595","601,492"
ELECCIONES REGIONALES Y MUNICIPALES 2014,REGIONAL,2014,240000,CALLAO,,,POR TI CALLAO,MOVIMIENTO REGIONAL,"57,034","712,595","601,492"
ELECCIONES REGIONALES Y MUNICIPALES 2014,REGIONAL,2014,240000,CALLAO,,,FUERZA POPULAR,PARTIDO POLÍTICO,"41,526","712,595","601,492"
ELECCIONES REGIONALES Y MUNICIPALES 2014,REGIONAL,2014,240000,CALLAO,,,MI CALLAO,MOVIMIENTO REGIONAL,"19,960","712,595","601,492"
ELECCIONES REGIONALES Y MUNICIPALES 2014,REGIONAL,2014,240000,CALLAO,,,ALIANZA PARA EL PROGRESO,PARTIDO POLÍTICO,"16,040","712,595","601,492"
ELECCIONES REGIONALES Y MUNICIPALES 2014,REGIONAL,2014,240000,CALLAO,,,MOVIMIENTO AMPLIO REGIONAL CALLAO,MOVIMIENTO REGIONAL,"15,278","712,595","601,492"
ELECCIONES REGIONALES Y MUNICIPALES 2014,REGIONAL,2014,240000,CALLAO,,,MOVIMIENTO INDEPENDIENTE REGIONAL UNION DEMOCRATICA CHALACA,MOVIMIENTO REGIONAL,"13,781","712,595","601,492"
ELECCIONES REGIONALES Y MUNICIPALES 2014,REGIONAL,2014,240000,CALLAO,,,PUERTO CALLAO,ALIANZA ELECTORAL,"10,633","712,595","601,492"
ELECCIONES REGIONALES Y MUNICIPALES 2014,REGIONAL,2014,240000,CALLAO,,,ADUANEC,MOVIMIENTO REGIONAL,"9,459","712,595","601,492"
ELECCIONES REGIONALES Y MUNICIPALES 2014,REGIONAL,2014,240000,CALLAO,,,FRENTE POR LA DEMOCRACIA DEL CALLAO,ALIANZA ELECTORAL,"7,224","712,595","601,492"
ELECCIONES REGIONALES Y MUNICIPALES 2014,REGIONAL,2014,240000,CALLAO,,,PARTIDO DEMOCRATICO SOMOS PERU,PARTIDO POLÍTICO,"6,403","712,595","601,492"
ELECCIONES REGIONALES Y MUNICIPALES 2014,REGIONAL,2014,240000,CALLAO,,,VOTOS EN BLANCO,,"44,449","712,595","601,492"
ELECCIONES REGIONALES Y MUNICIPALES 2014,REGIONAL,2014,240000,CALLAO,,,VOTOS NULOS,,"52,519","712,595","601,492"
ELECCIONES REGIONALES Y MUNICIPALES 2014,REGIONAL,2014,250000,UCAYALI,,,MOVIMIENTO INDEPENDIENTE REGIONAL CAMBIO UCAYALINO,MOVIMIENTO REGIONAL,"79,510","319,790","252,559"
ELECCIONES REGIONALES Y MUNICIPALES 2014,REGIONAL,2014,250000,UCAYALI,,,TODOS SOMOS UCAYALI,MOVIMIENTO REGIONAL,"65,692","319,790","252,559"
ELECCIONES REGIONALES Y MUNICIPALES 2014,REGIONAL,2014,250000,UCAYALI,,,UCAYALI REGION CON FUTURO,MOVIMIENTO REGIONAL,"28,093","319,790","252,559"
ELECCIONES REGIONALES Y MUNICIPALES 2014,REGIONAL,2014,250000,UCAYALI,,,MOVIMIENTO POLITICO REGIONAL FUERZA UCAYALINA (FU),MOVIMIENTO REGIONAL,"10,175","319,790","252,559"
ELECCIONES REGIONALES Y MUNICIPALES 2014,REGIONAL,2014,250000,UCAYALI,,,ESFUERZOS UNIDOS,MOVIMIENTO REGIONAL,"7,176","319,790","252,559"
ELECCIONES REGIONALES Y MUNICIPALES 2014,REGIONAL,2014,250000,UCAYALI,,,FUERZA POPULAR,PARTIDO POLÍTICO,"4,412","319,790","252,559"
ELECCIONES REGIONALES Y MUNICIPALES 2014,REGIONAL,2014,250000,UCAYALI,,,CONFIANZA UCAYALI,MOVIMIENTO REGIONAL,"4,383","319,790","252,559"
ELECCIONES REGIONALES Y MUNICIPALES 2014,REGIONAL,2014,250000,UCAYALI,,,BLOQUE POPULAR UCAYALI,MOVIMIENTO REGIONAL,"3,520","319,790","252,559"
ELECCIONES REGIONALES Y MUNICIPALES 2014,REGIONAL,2014,250000,UCAYALI,,,ALIANZA PARA EL PROGRESO,PARTIDO POLÍTICO,"3,301","319,790","252,559"
ELECCIONES REGIONALES Y MUNICIPALES 2014,REGIONAL,2014,250000,UCAYALI,,,MOVIMIENTO BIODIVERSIDAD Y DESARROLLO AMAZONICO BIDA,MOVIMIENTO REGIONAL,"1,156","319,790","252,559"
ELECCIONES REGIONALES Y MUNICIPALES 2014,REGIONAL,2014,250000,UCAYALI,,,CIENCIA Y ACCION MOVILIZADORA DE UCAYALI,MOVIMIENTO REGIONAL,"1,089","319,790","252,559"
ELECCIONES REGIONALES Y MUNICIPALES 2014,REGIONAL,2014,250000,UCAYALI,,,MOVIMIENTO AGRARIO POPULAR UCAYALINO,MOVIMIENTO REGIONAL,929,"319,790","252,559"
ELECCIONES REGIONALES Y MUNICIPALES 2014,REGIONAL,2014,250000,UCAYALI,,,UNION POR EL PERU,PARTIDO POLÍTICO,923,"319,790","252,559"
ELECCIONES REGIONALES Y MUNICIPALES 2014,REGIONAL,2014,250000,UCAYALI,,,VOTOS EN BLANCO,,"24,011","319,790","252,559"
ELECCIONES REGIONALES Y MUNICIPALES 2014,REGIONAL,2014,250000,UCAYALI,,,VOTOS NULOS,,"18,189","319,790","252,559"